user_id,user_type,department,role,status,created_at,manager_id
USR0001,External,Operations,Reps,Active,2025-02-09,
USR0002,Internal,Fintech,Specialist,Active,2024-12-02,
USR0003,External,Engineering,Reps,Active,2025-01-19,
USR0004,External,Operations,Reps,Active,2025-01-12,
USR0005,Internal,Operations,Engineer,Active,2025-04-13,
USR0006,Internal,Engineering,Engineer,Active,2025-07-13,
USR0007,Internal,Engineering,Manager,Active,2024-12-08,
USR0008,Internal,Engineering,Manager,Active,2025-06-09,
USR0009,Internal,Legal,Specialist,Active,2024-12-16,
USR0010,Internal,Security,Analyst,Inactive,2025-02-16,
USR0011,Internal,Operations,Analyst,Inactive,2025-05-30,
USR0012,Internal,HR,Analyst,Inactive,2025-01-23,
USR0013,External,Engineering,Reps,Active,2025-01-24,
USR0014,External,Fintech,Reps,Active,2025-06-21,
USR0015,Internal,Engineering,Engineer,Active,2025-07-03,
USR0016,Internal,HR,Analyst,Active,2025-06-11,
USR0017,Internal,Fintech,Engineer,Active,2025-04-18,
USR0018,Internal,Engineering,Specialist,Active,2025-01-20,
USR0019,Internal,Engineering,Analyst,Active,2025-01-23,
USR0020,External,Fintech,Reps,Active,2024-11-25,
USR0021,External,Fintech,Reps,Active,2025-01-17,
USR0022,Internal,Operations,Admin,Active,2024-12-23,
USR0023,Internal,Fintech,Specialist,Active,2025-02-04,
USR0024,Internal,Operations,Admin,Active,2025-03-13,
USR0025,Internal,Data,Admin,Active,2024-12-04,
USR0026,External,Fintech,Reps,Active,2025-06-18,
USR0027,Internal,Legal,Analyst,Active,2025-03-21,
USR0028,Internal,Operations,Manager,Active,2025-10-21,
USR0029,External,Security,Reps,Active,2025-07-22,
USR0030,Internal,HR,Manager,Active,2025-08-08,
USR0031,Internal,Engineering,Engineer,Active,2025-04-15,
USR0032,Internal,Data,Manager,Active,2025-10-21,
USR0033,Internal,Legal,Analyst,Active,2025-09-14,
USR0034,Internal,Engineering,Specialist,Active,2025-01-12,
USR0035,Internal,Engineering,Specialist,Active,2025-10-02,
USR0036,Internal,Operations,Analyst,Active,2025-10-06,
USR0037,Internal,Security,Manager,Active,2025-01-27,
USR0038,Internal,Fintech,Analyst,Active,2024-12-02,
USR0039,External,Operations,Reps,Active,2025-08-05,
USR0040,Internal,Legal,Admin,Active,2025-10-12,
USR0041,Internal,Fintech,Specialist,Active,2025-04-04,
USR0042,Internal,Fintech,Engineer,Active,2025-07-19,
USR0043,Internal,Engineering,Manager,Active,2025-04-09,
USR0044,External,Operations,Reps,Active,2025-01-22,
USR0045,Internal,Engineering,Engineer,Active,2025-06-03,
USR0046,Internal,Fintech,Analyst,Active,2025-01-23,
USR0047,Internal,Security,Analyst,Active,2025-05-07,
USR0048,Internal,Engineering,Specialist,Active,2024-12-19,
USR0049,Internal,Data,Admin,Active,2025-01-28,
USR0050,Internal,Operations,Analyst,Active,2024-12-06,
USR0051,Internal,Engineering,Admin,Active,2025-09-12,USR0004
USR0052,Internal,HR,Analyst,Active,2024-11-23,USR0047
USR0053,Internal,Engineering,Engineer,Active,2025-01-09,USR0035
USR0054,Internal,Engineering,Manager,Active,2025-04-18,USR0005
USR0055,Internal,Engineering,Specialist,Active,2024-12-06,USR0042
USR0056,Internal,Data,Analyst,Active,2025-10-05,USR0016
USR0057,Internal,Fintech,Engineer,Active,2025-09-12,USR0004
USR0058,External,Fintech,Reps,Active,2025-03-23,USR0030
USR0059,Internal,Engineering,Specialist,Active,2025-06-30,USR0032
USR0060,Internal,HR,Analyst,Active,2025-10-20,USR0038
USR0061,Internal,HR,Manager,Active,2024-11-21,USR0038
USR0062,Internal,Operations,Specialist,Active,2024-12-28,USR0033
USR0063,External,Fintech,Reps,Active,2025-06-06,USR0044
USR0064,Internal,Security,Specialist,Active,2025-01-29,USR0039
USR0065,External,Fintech,Reps,Active,2025-06-28,USR0037
USR0066,Internal,Operations,Engineer,Active,2025-07-03,USR0021
USR0067,Internal,Fintech,Manager,Active,2025-04-16,USR0049
USR0068,External,Data,Reps,Active,2025-06-15,USR0037
USR0069,External,Data,Reps,Active,2025-01-17,USR0017
USR0070,Internal,Fintech,Analyst,Active,2025-09-17,USR0024
USR0071,Internal,Engineering,Specialist,Active,2025-07-15,USR0040
USR0072,Internal,Data,Specialist,Active,2024-11-03,USR0036
USR0073,Internal,Engineering,Engineer,Active,2025-02-05,USR0007
USR0074,Internal,HR,Manager,Active,2025-06-09,USR0046
USR0075,Internal,Engineering,Manager,Active,2025-05-04,USR0017
USR0076,Internal,Security,Analyst,Active,2025-06-20,USR0018
USR0077,Internal,Fintech,Engineer,Active,2025-06-21,USR0017
USR0078,Internal,Fintech,Admin,Active,2025-05-24,USR0008
USR0079,Internal,Fintech,Engineer,Active,2025-05-19,USR0024
USR0080,Internal,Engineering,Engineer,Active,2024-12-17,USR0020
USR0081,Internal,Engineering,Analyst,Active,2025-09-25,USR0014
USR0082,Internal,HR,Manager,Active,2025-08-12,USR0027
USR0083,Internal,Data,Engineer,Active,2025-09-12,USR0012
USR0084,External,Security,Reps,Active,2025-07-27,USR0022
USR0085,Internal,Legal,Engineer,Active,2025-02-06,USR0045
USR0086,Internal,Fintech,Admin,Active,2025-01-21,USR0030
USR0087,Internal,Engineering,Engineer,Active,2025-01-21,USR0043
USR0088,Internal,Fintech,Analyst,Active,2025-10-19,USR0018
USR0089,Internal,Engineering,Specialist,Active,2025-03-01,USR0002
USR0090,Internal,Fintech,Engineer,Active,2025-05-31,USR0017
USR0091,Internal,Fintech,Manager,Active,2025-07-24,USR0021
USR0092,Internal,Engineering,Analyst,Active,2025-03-21,USR0037
USR0093,External,Fintech,Reps,Active,2025-04-09,USR0034
USR0094,Internal,Security,Engineer,Active,2025-03-13,USR0005
USR0095,Internal,Data,Specialist,Active,2025-02-23,USR0008
USR0096,Internal,HR,Manager,Active,2025-07-02,USR0021
USR0097,Internal,Engineering,Engineer,Active,2025-01-10,USR0043
USR0098,Internal,Data,Engineer,Active,2025-06-13,USR0020
USR0099,Internal,Engineering,Manager,Active,2025-02-13,USR0028
USR0100,Internal,Legal,Manager,Active,2025-04-19,USR0029
USR0101,Internal,HR,Engineer,Active,2025-06-29,USR0019
USR0102,Internal,Operations,Manager,Active,2024-12-05,USR0049
USR0103,Internal,Fintech,Engineer,Active,2024-12-24,USR0003
USR0104,Internal,Fintech,Analyst,Active,2025-04-16,USR0041
USR0105,Internal,Operations,Admin,Active,2025-04-30,USR0016
USR0106,Internal,Fintech,Analyst,Active,2025-08-12,USR0015
USR0107,Internal,Fintech,Specialist,Active,2025-04-19,USR0036
USR0108,Internal,Fintech,Admin,Active,2024-12-19,USR0030
USR0109,Internal,HR,Specialist,Active,2025-02-24,USR0049
USR0110,Internal,Security,Specialist,Active,2025-04-05,USR0036
USR0111,Internal,Engineering,Admin,Active,2025-04-14,USR0049
USR0112,Internal,Fintech,Specialist,Active,2025-04-26,USR0016
USR0113,External,Engineering,Reps,Active,2025-02-13,USR0018
USR0114,Internal,Engineering,Analyst,Active,2024-12-21,USR0015
USR0115,Internal,Engineering,Engineer,Active,2024-11-24,USR0027
USR0116,Internal,Engineering,Analyst,Active,2025-01-15,USR0027
USR0117,Internal,Engineering,Analyst,Active,2025-09-09,USR0049
USR0118,Internal,Operations,Manager,Active,2025-02-17,USR0025
USR0119,Internal,Security,Admin,Active,2025-05-16,USR0048
USR0120,Internal,Operations,Engineer,Active,2025-04-28,USR0018
USR0121,External,Engineering,Reps,Active,2025-03-03,USR0044
USR0122,Internal,Legal,Admin,Active,2025-10-02,USR0040
USR0123,Internal,Operations,Specialist,Active,2025-05-26,USR0002
USR0124,Internal,Fintech,Admin,Active,2025-01-06,USR0017
USR0125,Internal,Engineering,Manager,Active,2025-03-04,USR0025
USR0126,Internal,Engineering,Admin,Active,2025-02-01,USR0006
USR0127,Internal,Operations,Analyst,Active,2025-10-31,USR0023
USR0128,External,Fintech,Reps,Active,2025-10-16,USR0003
USR0129,Internal,Legal,Engineer,Active,2025-09-03,USR0040
USR0130,External,Fintech,Reps,Active,2025-07-03,USR0037
USR0131,Internal,Data,Manager,Active,2025-08-07,USR0011
USR0132,Internal,Operations,Analyst,Active,2025-08-11,USR0011
USR0133,Internal,Data,Analyst,Active,2025-10-06,USR0037
USR0134,Internal,HR,Admin,Active,2025-10-10,USR0013
USR0135,Internal,Fintech,Engineer,Active,2024-12-08,USR0050
USR0136,Internal,Engineering,Analyst,Active,2025-08-18,USR0037
USR0137,Internal,Legal,Admin,Active,2025-06-30,USR0005
USR0138,Internal,Operations,Admin,Active,2025-08-28,USR0007
USR0139,Internal,Engineering,Admin,Active,2025-07-17,USR0028
USR0140,Internal,Fintech,Manager,Active,2025-06-13,USR0035
USR0141,Internal,Legal,Specialist,Active,2025-02-06,USR0016
USR0142,Internal,Legal,Admin,Active,2025-01-29,USR0030
USR0143,Internal,Operations,Manager,Active,2024-11-11,USR0021
USR0144,External,Fintech,Reps,Active,2025-08-19,USR0022
USR0145,Internal,Engineering,Manager,Active,2025-05-22,USR0034
USR0146,External,Data,Reps,Active,2025-07-21,USR0032
USR0147,Internal,Operations,Admin,Active,2025-06-24,USR0032
USR0148,External,Engineering,Reps,Active,2025-02-16,USR0026
USR0149,Internal,HR,Specialist,Active,2025-03-15,USR0036
USR0150,Internal,Operations,Specialist,Active,2025-03-01,USR0045
USR0151,Internal,Operations,Engineer,Active,2024-12-15,USR0013
USR0152,Internal,Engineering,Engineer,Active,2025-01-09,USR0048
USR0153,Internal,Operations,Specialist,Active,2025-06-06,USR0007
USR0154,Internal,Legal,Manager,Active,2025-01-05,USR0001
USR0155,Internal,HR,Analyst,Active,2025-10-22,USR0036
USR0156,Internal,Engineering,Admin,Active,2024-12-08,USR0001
USR0157,Internal,Operations,Admin,Active,2025-03-05,USR0004
USR0158,Internal,Engineering,Analyst,Active,2025-08-28,USR0026
USR0159,Internal,Operations,Analyst,Active,2024-12-26,USR0037
USR0160,External,Data,Reps,Active,2025-01-30,USR0036
USR0161,Internal,Legal,Specialist,Active,2025-01-22,USR0034
USR0162,Internal,Engineering,Manager,Active,2025-09-10,USR0028
USR0163,Internal,Engineering,Specialist,Active,2025-10-17,USR0007
USR0164,Internal,Data,Engineer,Active,2025-02-05,USR0006
USR0165,External,Fintech,Reps,Active,2024-11-28,USR0001
USR0166,Internal,Engineering,Admin,Active,2025-02-15,USR0015
USR0167,Internal,Engineering,Admin,Active,2024-11-26,USR0015
USR0168,Internal,Security,Specialist,Active,2025-06-30,USR0013
USR0169,Internal,Engineering,Engineer,Active,2025-09-28,USR0010
USR0170,External,Fintech,Reps,Active,2025-02-21,USR0048
USR0171,Internal,Legal,Admin,Active,2024-12-16,USR0045
USR0172,Internal,Engineering,Manager,Active,2025-05-02,USR0032
USR0173,Internal,Engineering,Admin,Active,2025-07-27,USR0039
USR0174,External,Engineering,Reps,Active,2025-10-18,USR0037
USR0175,External,Operations,Reps,Active,2025-08-07,USR0018
USR0176,Internal,Operations,Engineer,Active,2025-04-21,USR0042
USR0177,Internal,Engineering,Specialist,Active,2025-04-09,USR0032
USR0178,Internal,Data,Admin,Active,2025-03-02,USR0043
USR0179,External,Fintech,Reps,Active,2025-03-31,USR0032
USR0180,Internal,Engineering,Specialist,Active,2024-11-14,USR0006
USR0181,Internal,Engineering,Admin,Active,2025-09-12,USR0001
USR0182,Internal,HR,Admin,Active,2024-11-20,USR0034
USR0183,Internal,Engineering,Admin,Active,2025-08-05,USR0014
USR0184,Internal,Engineering,Manager,Active,2025-04-09,USR0045
USR0185,External,Operations,Reps,Active,2025-06-18,USR0016
USR0186,Internal,HR,Analyst,Active,2025-05-21,USR0006
USR0187,Internal,Fintech,Analyst,Active,2025-04-18,USR0008
USR0188,External,Operations,Reps,Active,2025-10-07,USR0019
USR0189,Internal,Operations,Admin,Active,2025-10-24,USR0016
USR0190,External,Operations,Reps,Active,2025-01-09,USR0039
USR0191,Internal,Operations,Analyst,Active,2025-02-09,USR0027
USR0192,Internal,Engineering,Manager,Active,2025-08-27,USR0019
USR0193,Internal,HR,Specialist,Active,2025-10-31,USR0032
USR0194,Internal,Security,Admin,Active,2025-03-06,USR0036
USR0195,Internal,Legal,Manager,Active,2025-09-14,USR0045
USR0196,Internal,Fintech,Admin,Active,2024-11-16,USR0048
USR0197,Internal,Operations,Admin,Active,2025-03-21,USR0043
USR0198,Internal,Legal,Engineer,Active,2025-04-30,USR0003
USR0199,Internal,Fintech,Manager,Active,2025-09-14,USR0029
USR0200,Internal,Fintech,Analyst,Active,2025-07-22,USR0027
USR0201,Internal,Security,Analyst,Active,2025-04-21,USR0017
USR0202,Internal,Engineering,Analyst,Active,2025-09-07,USR0044
USR0203,Internal,Security,Manager,Active,2025-06-17,USR0049
USR0204,Internal,Operations,Specialist,Active,2024-11-25,USR0041
USR0205,Internal,HR,Engineer,Active,2025-07-31,USR0028
USR0206,Internal,Data,Analyst,Active,2025-04-11,USR0045
USR0207,External,Engineering,Reps,Active,2025-02-27,USR0004
USR0208,Internal,Engineering,Engineer,Active,2025-01-29,USR0027
USR0209,Internal,Operations,Engineer,Active,2025-01-03,USR0040
USR0210,Internal,Security,Engineer,Active,2025-05-01,USR0038
USR0211,Internal,Fintech,Manager,Active,2025-04-17,USR0043
USR0212,Internal,Fintech,Manager,Active,2025-07-06,USR0011
USR0213,Internal,Fintech,Specialist,Active,2025-02-18,USR0028
USR0214,Internal,HR,Manager,Active,2025-01-12,USR0025
USR0215,Internal,Security,Admin,Active,2025-05-28,USR0037
USR0216,Internal,Engineering,Analyst,Active,2025-10-23,USR0043
USR0217,External,Engineering,Reps,Active,2025-09-12,USR0050
USR0218,External,HR,Reps,Active,2025-06-10,USR0032
USR0219,Internal,Legal,Engineer,Active,2025-06-10,USR0023
USR0220,External,Fintech,Reps,Active,2025-01-31,USR0049
USR0221,Internal,HR,Engineer,Active,2025-06-18,USR0041
USR0222,Internal,Operations,Admin,Active,2024-11-13,USR0024
USR0223,Internal,HR,Manager,Active,2025-02-28,USR0027
USR0224,External,Fintech,Reps,Active,2025-05-16,USR0024
USR0225,Internal,Operations,Engineer,Active,2025-02-02,USR0031
USR0226,Internal,Data,Manager,Active,2025-08-21,USR0030
USR0227,Internal,Data,Engineer,Active,2025-09-10,USR0047
USR0228,Internal,HR,Specialist,Active,2025-03-14,USR0026
USR0229,Internal,Fintech,Admin,Active,2025-03-15,USR0048
USR0230,Internal,HR,Manager,Active,2024-12-10,USR0015
USR0231,Internal,Operations,Specialist,Active,2025-02-28,USR0040
USR0232,External,Fintech,Reps,Active,2025-08-28,USR0045
USR0233,Internal,Engineering,Engineer,Active,2024-11-17,USR0003
USR0234,Internal,Engineering,Analyst,Active,2025-01-25,USR0035
USR0235,Internal,Fintech,Specialist,Active,2025-04-02,USR0048
USR0236,Internal,HR,Analyst,Active,2025-09-01,USR0040
USR0237,Internal,Engineering,Analyst,Active,2025-07-10,USR0014
USR0238,Internal,Engineering,Manager,Active,2024-12-07,USR0044
USR0239,Internal,Engineering,Manager,Active,2024-11-23,USR0018
USR0240,External,Fintech,Reps,Active,2025-09-06,USR0030
USR0241,External,Fintech,Reps,Active,2025-06-22,USR0002
USR0242,Internal,Fintech,Engineer,Active,2025-08-15,USR0014
USR0243,Internal,Fintech,Engineer,Active,2025-06-03,USR0015
USR0244,Internal,Engineering,Specialist,Active,2024-11-02,USR0010
USR0245,Internal,Data,Engineer,Active,2024-12-11,USR0002
USR0246,Internal,Fintech,Engineer,Active,2025-06-03,USR0002
USR0247,External,Fintech,Reps,Active,2025-07-29,USR0034
USR0248,External,Fintech,Reps,Active,2025-04-13,USR0024
USR0249,External,Operations,Reps,Active,2025-05-03,USR0040
USR0250,Internal,Fintech,Specialist,Active,2025-02-19,USR0042
USR0251,External,Data,Reps,Active,2025-04-24,USR0026
USR0252,Internal,Engineering,Admin,Active,2024-11-27,USR0006
USR0253,Internal,Engineering,Engineer,Active,2025-02-09,USR0041
USR0254,Internal,Operations,Admin,Active,2025-10-30,USR0034
USR0255,Internal,Engineering,Admin,Active,2024-12-07,USR0045
USR0256,Internal,Fintech,Specialist,Active,2025-07-22,USR0014
USR0257,Internal,Engineering,Admin,Active,2025-03-04,USR0030
USR0258,Internal,Engineering,Manager,Active,2025-04-05,USR0043
USR0259,Internal,Engineering,Admin,Active,2024-11-25,USR0006
USR0260,External,Fintech,Reps,Active,2025-07-28,USR0009
USR0261,Internal,Operations,Specialist,Active,2025-05-25,USR0043
USR0262,Internal,Fintech,Admin,Active,2025-09-13,USR0047
USR0263,External,Fintech,Reps,Active,2025-02-23,USR0007
USR0264,Internal,Operations,Admin,Active,2025-01-21,USR0007
USR0265,Internal,Engineering,Analyst,Active,2025-08-06,USR0037
USR0266,Internal,Fintech,Specialist,Active,2025-10-22,USR0040
USR0267,Internal,Operations,Analyst,Active,2025-06-11,USR0043
USR0268,Internal,Legal,Engineer,Active,2025-02-08,USR0049
USR0269,Internal,Engineering,Analyst,Active,2025-01-06,USR0010
USR0270,Internal,Operations,Engineer,Active,2025-07-29,USR0002
USR0271,Internal,Fintech,Admin,Active,2025-04-03,USR0022
USR0272,Internal,Fintech,Manager,Active,2025-08-11,USR0037
USR0273,Internal,Operations,Engineer,Active,2024-12-28,USR0040
USR0274,External,Fintech,Reps,Active,2025-04-11,USR0028
USR0275,Internal,Operations,Manager,Active,2025-01-18,USR0033
USR0276,Internal,Fintech,Manager,Active,2025-07-06,USR0038
USR0277,Internal,Operations,Analyst,Active,2025-01-20,USR0039
USR0278,External,Fintech,Reps,Active,2025-10-12,USR0050
USR0279,External,Fintech,Reps,Active,2025-02-28,USR0001
USR0280,Internal,Operations,Engineer,Active,2025-03-19,USR0046
USR0281,Internal,Fintech,Manager,Active,2024-11-27,USR0048
USR0282,External,Fintech,Reps,Active,2025-10-03,USR0021
USR0283,Internal,Operations,Admin,Active,2025-02-14,USR0026
USR0284,Internal,Fintech,Specialist,Active,2025-04-17,USR0045
USR0285,Internal,Security,Analyst,Active,2025-01-28,USR0038
USR0286,External,Engineering,Reps,Active,2025-09-14,USR0048
USR0287,Internal,Engineering,Engineer,Active,2024-11-28,USR0041
USR0288,Internal,Fintech,Manager,Active,2025-03-09,USR0042
USR0289,Internal,Legal,Engineer,Active,2025-02-02,USR0012
USR0290,Internal,Operations,Analyst,Active,2025-01-04,USR0050
USR0291,Internal,Operations,Specialist,Active,2025-08-05,USR0029
USR0292,Internal,HR,Specialist,Active,2025-02-26,USR0041
USR0293,Internal,Engineering,Admin,Active,2025-04-11,USR0020
USR0294,Internal,Legal,Manager,Active,2025-05-05,USR0020
USR0295,External,Operations,Reps,Active,2025-03-15,USR0019
USR0296,Internal,Fintech,Analyst,Active,2025-06-13,USR0033
USR0297,Internal,Engineering,Analyst,Active,2025-04-14,USR0037
USR0298,Internal,HR,Admin,Active,2025-05-02,USR0004
USR0299,Internal,Operations,Manager,Active,2025-10-25,USR0006
USR0300,External,Operations,Reps,Active,2025-01-30,USR0029
USR0301,Internal,Data,Specialist,Active,2024-12-28,USR0024
USR0302,Internal,Security,Manager,Active,2025-07-06,USR0004
USR0303,Internal,Legal,Analyst,Active,2025-03-01,USR0036
USR0304,Internal,HR,Specialist,Active,2025-09-15,USR0022
USR0305,Internal,Fintech,Manager,Active,2025-02-22,USR0042
USR0306,Internal,HR,Specialist,Active,2025-07-17,USR0006
USR0307,Internal,Engineering,Manager,Active,2025-08-24,USR0043
USR0308,Internal,HR,Specialist,Active,2024-12-05,USR0043
USR0309,Internal,Engineering,Manager,Active,2025-02-21,USR0014
USR0310,Internal,Engineering,Engineer,Active,2025-01-22,USR0009
USR0311,External,Fintech,Reps,Active,2025-08-15,USR0033
USR0312,Internal,Legal,Specialist,Active,2024-11-14,USR0022
USR0313,Internal,Security,Specialist,Active,2025-03-18,USR0011
USR0314,Internal,Fintech,Specialist,Active,2025-08-23,USR0011
USR0315,External,HR,Reps,Active,2025-03-13,USR0047
USR0316,Internal,Fintech,Manager,Active,2025-08-02,USR0029
USR0317,External,Fintech,Reps,Active,2025-10-19,USR0031
USR0318,Internal,Security,Specialist,Active,2025-10-26,USR0030
USR0319,Internal,Legal,Specialist,Active,2025-05-12,USR0011
USR0320,Internal,Legal,Engineer,Active,2025-09-15,USR0004
USR0321,Internal,Operations,Specialist,Active,2025-10-08,USR0046
USR0322,Internal,Legal,Manager,Active,2024-12-01,USR0011
USR0323,Internal,Engineering,Engineer,Active,2025-08-31,USR0006
USR0324,Internal,Data,Admin,Active,2025-09-19,USR0002
USR0325,Internal,Engineering,Manager,Active,2025-01-26,USR0006
USR0326,External,Engineering,Reps,Active,2025-10-06,USR0046
USR0327,Internal,Operations,Engineer,Active,2024-11-14,USR0031
USR0328,Internal,HR,Admin,Active,2025-04-13,USR0001
USR0329,External,Security,Reps,Active,2025-01-18,USR0010
USR0330,Internal,Operations,Specialist,Active,2025-04-04,USR0050
USR0331,Internal,Engineering,Analyst,Active,2025-01-27,USR0041
USR0332,Internal,Legal,Analyst,Active,2025-09-02,USR0032
USR0333,External,Operations,Reps,Active,2025-05-08,USR0016
USR0334,Internal,HR,Analyst,Active,2025-06-13,USR0016
USR0335,External,Operations,Reps,Active,2025-07-02,USR0034
USR0336,External,Data,Reps,Active,2025-05-12,USR0033
USR0337,Internal,Legal,Analyst,Active,2025-03-23,USR0031
USR0338,Internal,Fintech,Manager,Active,2025-02-01,USR0002
USR0339,External,Engineering,Reps,Active,2025-01-28,USR0043
USR0340,Internal,Operations,Manager,Active,2024-12-19,USR0023
USR0341,Internal,Operations,Engineer,Active,2025-08-31,USR0044
USR0342,Internal,Operations,Engineer,Active,2025-08-24,USR0005
USR0343,Internal,HR,Analyst,Active,2025-02-16,USR0003
USR0344,Internal,Legal,Manager,Active,2025-10-07,USR0033
USR0345,Internal,Engineering,Admin,Active,2025-02-01,USR0049
USR0346,Internal,Operations,Analyst,Active,2025-09-13,USR0022
USR0347,Internal,Engineering,Admin,Active,2025-09-21,USR0048
USR0348,Internal,Engineering,Manager,Active,2025-10-22,USR0032
USR0349,Internal,HR,Specialist,Active,2025-02-06,USR0006
USR0350,Internal,HR,Specialist,Active,2025-10-30,USR0012
USR0351,Internal,Operations,Analyst,Active,2025-02-28,USR0019
USR0352,Internal,Engineering,Admin,Active,2024-12-31,USR0029
USR0353,External,Engineering,Reps,Active,2025-09-14,USR0023
USR0354,Internal,Operations,Analyst,Active,2024-11-28,USR0041
USR0355,Internal,Engineering,Engineer,Active,2025-10-14,USR0010
USR0356,Internal,Legal,Admin,Active,2024-11-13,USR0005
USR0357,Internal,Fintech,Manager,Active,2025-03-20,USR0037
USR0358,External,Fintech,Reps,Active,2025-04-14,USR0024
USR0359,Internal,Engineering,Specialist,Active,2024-12-21,USR0024
USR0360,Internal,Engineering,Engineer,Active,2025-10-17,USR0002
USR0361,Internal,HR,Admin,Active,2025-09-30,USR0008
USR0362,Internal,Engineering,Admin,Active,2025-01-18,USR0040
USR0363,Internal,Engineering,Admin,Active,2025-01-13,USR0009
USR0364,Internal,Security,Admin,Active,2025-10-31,USR0044
USR0365,Internal,Data,Manager,Active,2025-07-17,USR0036
USR0366,Internal,Operations,Engineer,Active,2025-07-18,USR0045
USR0367,Internal,Operations,Specialist,Active,2025-01-21,USR0013
USR0368,Internal,Legal,Admin,Active,2024-11-10,USR0036
USR0369,Internal,Operations,Specialist,Active,2024-12-18,USR0006
USR0370,Internal,Fintech,Admin,Active,2025-05-11,USR0050
USR0371,Internal,Engineering,Engineer,Active,2025-10-21,USR0042
USR0372,Internal,Fintech,Specialist,Active,2025-03-06,USR0050
USR0373,Internal,Operations,Engineer,Active,2025-04-07,USR0004
USR0374,Internal,Legal,Manager,Active,2024-12-31,USR0021
USR0375,Internal,Data,Specialist,Active,2025-09-23,USR0006
USR0376,Internal,Engineering,Specialist,Active,2025-02-09,USR0041
USR0377,Internal,Engineering,Specialist,Active,2025-06-22,USR0038
USR0378,Internal,Data,Specialist,Active,2025-07-22,USR0039
USR0379,Internal,Engineering,Analyst,Active,2025-08-29,USR0002
USR0380,Internal,Fintech,Specialist,Active,2025-02-05,USR0014
USR0381,Internal,Legal,Analyst,Active,2025-05-01,USR0041
USR0382,Internal,Operations,Manager,Active,2025-04-26,USR0044
USR0383,Internal,Engineering,Analyst,Active,2024-12-28,USR0027
USR0384,Internal,Operations,Specialist,Active,2024-12-23,USR0046
USR0385,Internal,Engineering,Manager,Active,2025-10-23,USR0009
USR0386,Internal,Legal,Analyst,Active,2025-02-25,USR0030
USR0387,Internal,Fintech,Engineer,Active,2024-12-06,USR0019
USR0388,Internal,Data,Admin,Active,2025-01-30,USR0011
USR0389,Internal,Legal,Manager,Active,2025-01-09,USR0011
USR0390,Internal,Operations,Admin,Active,2025-09-17,USR0032
USR0391,Internal,Fintech,Specialist,Active,2025-04-16,USR0016
USR0392,Internal,Fintech,Analyst,Active,2025-02-11,USR0039
USR0393,Internal,Security,Admin,Active,2025-02-13,USR0001
USR0394,Internal,Legal,Manager,Active,2025-07-24,USR0049
USR0395,External,Engineering,Reps,Active,2024-11-19,USR0036
USR0396,Internal,Fintech,Analyst,Active,2025-03-22,USR0029
USR0397,Internal,Legal,Specialist,Active,2025-07-07,USR0008
USR0398,External,Fintech,Reps,Active,2025-03-17,USR0022
USR0399,Internal,Operations,Engineer,Active,2025-01-12,USR0033
USR0400,External,Engineering,Reps,Active,2024-11-15,USR0046
USR0401,Internal,Engineering,Admin,Active,2024-12-25,USR0033
USR0402,Internal,Fintech,Manager,Active,2024-12-30,USR0040
USR0403,Internal,HR,Manager,Active,2025-05-05,USR0033
USR0404,Internal,Operations,Manager,Active,2025-04-23,USR0002
USR0405,Internal,Engineering,Admin,Active,2025-06-02,USR0047
USR0406,Internal,Security,Specialist,Active,2025-04-23,USR0042
USR0407,Internal,Legal,Specialist,Active,2025-01-23,USR0004
USR0408,External,Operations,Reps,Active,2025-06-18,USR0040
USR0409,Internal,Legal,Engineer,Active,2024-11-12,USR0045
USR0410,External,Fintech,Reps,Active,2025-02-23,USR0010
USR0411,Internal,Engineering,Specialist,Active,2025-08-10,USR0031
USR0412,Internal,Security,Analyst,Active,2025-07-16,USR0034
USR0413,Internal,Fintech,Admin,Active,2025-05-11,USR0021
USR0414,Internal,Data,Specialist,Active,2025-03-05,USR0023
USR0415,Internal,HR,Manager,Active,2025-06-11,USR0013
USR0416,Internal,Data,Manager,Active,2025-01-22,USR0020
USR0417,Internal,Legal,Admin,Active,2025-02-24,USR0023
USR0418,Internal,Operations,Manager,Active,2025-02-14,USR0037
USR0419,Internal,HR,Admin,Active,2025-08-26,USR0050
USR0420,Internal,Legal,Manager,Active,2025-10-15,USR0006
USR0421,Internal,Engineering,Manager,Active,2025-07-31,USR0014
USR0422,Internal,Fintech,Specialist,Active,2025-07-13,USR0009
USR0423,Internal,Fintech,Engineer,Active,2025-01-28,USR0043
USR0424,Internal,Security,Engineer,Active,2024-11-20,USR0027
USR0425,Internal,Engineering,Engineer,Active,2024-11-02,USR0036
USR0426,Internal,Data,Admin,Active,2025-04-24,USR0013
USR0427,Internal,Legal,Manager,Active,2025-06-24,USR0050
USR0428,Internal,Fintech,Specialist,Active,2025-07-28,USR0003
USR0429,Internal,Security,Engineer,Active,2025-10-07,USR0003
USR0430,Internal,Data,Admin,Active,2025-01-08,USR0048
USR0431,Internal,Data,Analyst,Active,2024-11-04,USR0037
USR0432,Internal,Operations,Manager,Active,2025-02-12,USR0042
USR0433,Internal,Operations,Engineer,Active,2025-09-07,USR0030
USR0434,Internal,Engineering,Manager,Active,2024-12-30,USR0030
USR0435,Internal,Operations,Analyst,Active,2025-07-27,USR0019
USR0436,Internal,Operations,Engineer,Active,2025-06-11,USR0041
USR0437,Internal,Security,Specialist,Active,2025-02-28,USR0026
USR0438,Internal,HR,Engineer,Active,2025-04-24,USR0016
USR0439,Internal,Fintech,Admin,Active,2025-08-03,USR0022
USR0440,Internal,Engineering,Analyst,Active,2025-02-04,USR0024
USR0441,Internal,HR,Analyst,Active,2025-04-19,USR0011
USR0442,Internal,Engineering,Manager,Active,2025-07-10,USR0041
USR0443,Internal,Security,Specialist,Active,2025-01-20,USR0009
USR0444,Internal,Operations,Specialist,Active,2025-03-17,USR0045
USR0445,Internal,Operations,Specialist,Active,2025-08-20,USR0014
USR0446,Internal,Legal,Specialist,Active,2025-09-15,USR0006
USR0447,Internal,Operations,Manager,Active,2024-11-29,USR0037
USR0448,Internal,Fintech,Specialist,Active,2025-01-13,USR0035
USR0449,Internal,Fintech,Specialist,Active,2025-04-11,USR0044
USR0450,Internal,Fintech,Analyst,Active,2025-09-25,USR0029
USR0451,Internal,Legal,Specialist,Active,2025-04-01,USR0037
USR0452,Internal,Fintech,Manager,Active,2025-07-22,USR0026
USR0453,External,Engineering,Reps,Active,2025-01-19,USR0005
USR0454,Internal,Fintech,Analyst,Active,2025-05-17,USR0004
USR0455,External,Data,Reps,Active,2025-10-07,USR0003
USR0456,Internal,Engineering,Engineer,Active,2025-08-07,USR0047
USR0457,Internal,Operations,Admin,Active,2025-04-13,USR0025
USR0458,Internal,Engineering,Specialist,Active,2024-12-19,USR0023
USR0459,Internal,Fintech,Admin,Active,2025-05-13,USR0047
USR0460,Internal,Data,Analyst,Active,2025-10-24,USR0030
USR0461,Internal,HR,Specialist,Active,2025-03-19,USR0015
USR0462,Internal,Fintech,Manager,Active,2025-01-08,USR0047
USR0463,External,Legal,Reps,Active,2025-06-29,USR0040
USR0464,Internal,Legal,Analyst,Active,2025-01-27,USR0005
USR0465,External,Fintech,Reps,Active,2025-06-07,USR0046
USR0466,Internal,Security,Analyst,Active,2025-03-27,USR0015
USR0467,Internal,Operations,Analyst,Active,2024-12-22,USR0019
USR0468,Internal,Fintech,Specialist,Active,2025-02-25,USR0039
USR0469,Internal,Legal,Engineer,Active,2025-02-19,USR0010
USR0470,Internal,Data,Admin,Active,2025-02-18,USR0004
USR0471,Internal,Operations,Engineer,Active,2025-06-17,USR0028
USR0472,External,Operations,Reps,Active,2025-03-06,USR0042
USR0473,Internal,HR,Manager,Active,2025-07-13,USR0027
USR0474,Internal,Fintech,Specialist,Active,2025-04-22,USR0015
USR0475,Internal,Engineering,Admin,Active,2025-09-30,USR0036
USR0476,Internal,Engineering,Specialist,Active,2024-12-19,USR0016
USR0477,Internal,Engineering,Analyst,Active,2025-10-03,USR0024
USR0478,Internal,Fintech,Engineer,Active,2024-11-19,USR0025
USR0479,Internal,HR,Analyst,Active,2025-01-08,USR0049
USR0480,Internal,Operations,Engineer,Active,2025-04-24,USR0022
USR0481,Internal,Engineering,Engineer,Active,2025-10-09,USR0048
USR0482,Internal,Fintech,Admin,Active,2025-09-30,USR0045
USR0483,Internal,Operations,Engineer,Active,2025-05-21,USR0050
USR0484,Internal,Engineering,Manager,Active,2025-02-21,USR0024
USR0485,Internal,Operations,Analyst,Active,2025-08-21,USR0047
USR0486,Internal,Operations,Engineer,Active,2025-03-16,USR0027
USR0487,Internal,Fintech,Engineer,Active,2024-11-06,USR0036
USR0488,Internal,Data,Admin,Active,2025-02-16,USR0013
USR0489,Internal,Engineering,Engineer,Active,2025-05-02,USR0042
USR0490,Internal,Data,Admin,Active,2025-10-19,USR0042
USR0491,Internal,HR,Manager,Active,2025-01-01,USR0047
USR0492,External,Operations,Reps,Active,2025-09-21,USR0042
USR0493,Internal,Data,Analyst,Active,2025-10-11,USR0043
USR0494,External,Fintech,Reps,Active,2024-12-21,USR0041
USR0495,Internal,Fintech,Analyst,Active,2025-01-19,USR0030
USR0496,Internal,Engineering,Specialist,Active,2025-09-30,USR0043
USR0497,External,Operations,Reps,Active,2025-05-21,USR0001
USR0498,Internal,Fintech,Specialist,Active,2025-10-23,USR0002
USR0499,Internal,Operations,Admin,Active,2025-08-22,USR0012
USR0500,External,Fintech,Reps,Active,2024-12-25,USR0013
